Date,ID,Marche,Action,Prix,Confiance,Raison
2026-01-02 15:40,105840,University of Texas at Dallas Comets vs. Stephen F. Austin Lumberjacks,BUY_YES,0.46,2026%,"Stephen F. Austin Lumberjacks have a win over University of Texas at Dallas Comets in the recent game on December 21, 2025."
2026-01-02 15:40,101750,Stars vs. Hurricanes,BUY_YES,0.53,100%,Stars have won the game.
2026-01-02 15:40,116736,RC Deportivo La Coruña vs. Cádiz CF,BUY_YES,0.575,100%,
2026-01-02 15:41,109954,Flyers vs. Sabres,BUY_YES,0.595,100%,Sabres won the game recently
2026-01-02 15:41,129300,SHL: Leksands IF vs. HV 71,BUY_YES,0.55,90%,Match is scheduled.
2026-01-02 15:41,127204,DEL: Grizzlys Wolfsburg vs. EHC Red Bull Muenchen,BUY_YES,0.46,100%,
2026-01-02 15:41,128956,California Baptist Lancers vs. Tarleton State Texans,BUY_YES,0.52,90%,
2026-01-02 15:41,129169,Alabama A&M Bulldogs vs. Arkansas-Pine Bluff Golden Lions,BUY_NO,0.595,90%,
2026-01-02 15:42,129102,Boston College Eagles vs. Georgia Tech Yellow Jackets,BUY_YES,0.32,90%,game exists
2026-01-02 15:42,128983,Bellarmine Knights vs. Queens (NC) Royals,BUY_YES,0.355,90%,game_result_exists
2026-01-02 15:53,117744,Montreuil FC vs. Amiens SC,BUY_NO,0.705,100%,"Match information available. SC Amiens won against Montreuil FC on January 10, 2026."
2026-01-02 15:54,131918,Al Hazem SC vs. NEOM SC - More Markets,BUY_NO,0.235,100%,"Upcoming match found - Al Hazem SC vs. NEOM SC on January 4, 2026"
2026-01-02 15:54,133042,Counter-Strike: megoshort vs ChickenBurger (BO3),BUY_YES,0.61,100%,Match found in news.
2026-01-02 15:55,128987,Northern Arizona Lumberjacks vs. Montana State Bobcats,BUY_YES,0.28,90%,"Confirmed game between Northern Arizona Lumberjacks and Montana State Bobcats on January 3, 2026, with Bobcats leading 1-0 in Big Sky this season"
2026-01-02 15:55,129078,Ball State Cardinals vs. Buffalo Bulls,BUY_YES,0.245,100%,"Recent news confirms Buffalo Bulls as favorites against Ball State Cardinals on January 3, 2026"
2026-01-02 16:51,101750,Stars vs. Hurricanes,BUY_YES,0.52,100%,"The Stars won against the Hurricanes on October 25, 2025."
2026-01-02 16:51,116736,RC Deportivo La Coruña vs. Cádiz CF,BUY_YES,0.575,90%,"Match preview available for January 4, 2026"
2026-01-02 16:51,109954,Flyers vs. Sabres,BUY_YES,0.595,100%,The Sabres capitalized on Flyers' mistakes for their victory.
2026-01-02 16:52,129105,Air Force Falcons vs. UNLV Runnin' Rebels,BUY_YES,0.385,2026%,"Recent game result: UNLV 51, Air Force 48"
2026-01-02 17:00,101750,Stars vs. Hurricanes,BUY_YES,0.52,100%,
2026-01-02 17:01,133042,Counter-Strike: megoshort vs ChickenBurger (BO3),BUY_YES,0.585,90%,
2026-01-02 17:01,109954,Flyers vs. Sabres,BUY_YES,0.595,100%,"The Flyers lost to the Sabres on December 18, 2025."
2026-01-02 17:01,129313,SHL: Vaexjoe vs. Froelunda HC,BUY_NO,0.565,100%,no issues
2026-01-02 17:01,129300,SHL: Leksands IF vs. HV 71,BUY_YES,0.55,90%,"Scheduled match on January 3, 2026"
2026-01-02 17:01,129149,Texas Southern Tigers vs. Southern Jaguars,BUY_YES,0.375,90%,Texas Southern Tigers are playing at Southern Jaguars in SWAC play on Saturday.
2026-01-02 17:01,128987,Northern Arizona Lumberjacks vs. Montana State Bobcats,BUY_YES,0.35,100%,
2026-01-02 17:50,133042,Counter-Strike: megoshort vs ChickenBurger (BO3),BUY_YES,0.61,90%,Match information found
2026-01-02 17:50,109954,Flyers vs. Sabres,BUY_YES,0.59,100%,Successful news extraction
2026-01-02 17:50,129300,SHL: Leksands IF vs. HV 71,BUY_YES,0.55,100%,Match odds are available
2026-01-02 17:50,129129,Longwood Lancers vs. High Point Panthers,PASS_NO,0.785,99%,
2026-01-02 17:51,120821,Counter-Strike: AaB esport vs MINLATE (BO1),BUY_YES,0.545,81%,Match details found
2026-01-02 18:01,101750,Stars vs. Hurricanes,BUY_YES,0.515,100%,Market and News structure is valid
2026-01-02 18:01,135049,Virtus Bologna vs. Zalgiris Kaunas,BUY_NO,0.605,91%,Valid input detected
2026-01-02 18:02,129169,Alabama A&M Bulldogs vs. Arkansas-Pine Bluff Golden Lions,BUY_YES,0.405,100%,Market and news available
2026-01-02 18:02,128983,Bellarmine Knights vs. Queens (NC) Royals,BUY_NO,0.645,99%,The Queens team exists and has recent news coverage.
2026-01-02 19:00,101750,Stars vs. Hurricanes,"BUY_PROBABILITY < 0.5 is 0.48, which is less than 0.5",0.48,90%,news list is of length 2
2026-01-02 19:00,135049,Virtus Bologna vs. Zalgiris Kaunas,"BUY_PROBABILITY < 0.5 is 0.605, which is more than 0.5",0.605,81%,Valid news list for Virtus Bologna vs. Zalgiris Kaunas market
2026-01-02 19:01,115070,Kilmarnock FC vs. Hibernian FC,BUY_YES,0.215,98%,
2026-01-02 19:02,136239,VfL Wolfsburg vs. FC St. Pauli 1910 - More Markets,BUY_NO,0.725,83%,
2026-01-02 19:25,101755,Bruins vs. Kraken,BUY_YES,0.57,100%,The market Bruins vs. Kraken is current and news exists.
2026-01-02 19:25,129313,SHL: Vaexjoe vs. Froelunda HC,BUY_NO,0.56,100%,
2026-01-02 19:25,128983,Bellarmine Knights vs. Queens (NC) Royals,BUY_YES,0.355,98%,News articles exist for the event.
2026-01-02 19:25,128956,California Baptist Lancers vs. Tarleton State Texans,BUY_YES,0.52,85%,Available news articles found for the market
2026-01-02 19:26,120821,Counter-Strike: AaB esport vs MINLATE (BO1),BUY_YES,0.545,89%,Enough data for confident prediction
2026-01-02 19:45,106222,TX-32 House Election Winner,BUY_MAYBE,0.535,85%,"Julie Johnson, a Democrat, wins the 32nd District in Texas."
2026-01-02 19:46,131918,Al Hazem SC vs. NEOM SC - More Markets,BUY_YES,0.765,100%,
2026-01-02 19:46,129169,Alabama A&M Bulldogs vs. Arkansas-Pine Bluff Golden Lions,BUY_YES,0.405,98%,Available games found
2026-01-02 19:47,136239,VfL Wolfsburg vs. FC St. Pauli 1910 - More Markets,BUY_YES,0.275,85%,
2026-01-02 20:41,101038,Red Wings vs. Senators,BUY_YES,0.49,100%,Found multiple news articles
2026-01-02 20:41,131918,Al Hazem SC vs. NEOM SC - More Markets,BUY_YES,0.765,100%,"News articles found with score predictions for Al Hazem SC vs. NEOM SC match on January 02, 2026."
2026-01-02 20:41,129076,Bowling Green Falcons vs. Massachusetts Minutemen,BUY_YES,0.395,88%,
2026-01-02 20:41,129169,Alabama A&M Bulldogs vs. Arkansas-Pine Bluff Golden Lions,BUY_YES,0.405,98%,Both sports news and game score are available for this market.
2026-01-02 20:42,129102,Boston College Eagles vs. Georgia Tech Yellow Jackets,BUY_YES,0.405,100%,
2026-01-02 20:42,128987,Northern Arizona Lumberjacks vs. Montana State Bobcats,BUY_YES,0.345,95%,
2026-01-02 20:54,106222,TX-32 House Election Winner,BUY_NO,0.59,99%,
2026-01-02 20:55,116736,RC Deportivo La Coruña vs. Cádiz CF,BUY_YES,0.575,100%,no information needed
2026-01-02 20:55,129102,Boston College Eagles vs. Georgia Tech Yellow Jackets,BUY_NO,0.595,100%,Both football and basketball matches between Boston College Eagles and Georgia Tech Yellow Jackets have been found.
2026-01-02 20:56,128983,Bellarmine Knights vs. Queens (NC) Royals,BUY_NO,0.645,100%,Both articles confirm the Queens Royals won the game against the Bellarmine Knights.
2026-01-02 21:28,101755,Bruins vs. Kraken,BUY_YES,0.565,100%,Market and news provided match expected format
2026-01-02 21:28,129102,Boston College Eagles vs. Georgia Tech Yellow Jackets,BUY_YES,0.405,95%,Game history and current statistics available
2026-01-02 21:46,131918,Al Hazem SC vs. NEOM SC - More Markets,BUY_YES,0.765,99%,Multiple news sources are available to predict the outcome of the match Al Hazem SC vs. NEOM SC.
2026-01-02 21:46,129300,SHL: Leksands IF vs. HV 71,BUY_YES,0.545,99%,
2026-01-02 22:01,101750,Stars vs. Hurricanes,BUY_YES,0.525,100%,
2026-01-02 22:01,120836,Counter-Strike: MOUZ NXT vs ALGO Esports (BO1),BUY_YES,0.51,90%,Available markets: MOUZ NXT vs ALGO Esports (BO1)
2026-01-02 22:01,131918,Al Hazem SC vs. NEOM SC - More Markets,BUY_YES,0.765,99%,
2026-01-02 22:53,101750,Stars vs. Hurricanes,BUY_YES,0.525,100%,At least one relevant news found
2026-01-02 22:54,135049,Virtus Bologna vs. Zalgiris Kaunas,BUY_YES,0.395,86%,
2026-01-02 22:54,131918,Al Hazem SC vs. NEOM SC - More Markets,BUY_YES,0.765,85%,sufficient data
2026-01-02 22:54,129313,SHL: Vaexjoe vs. Froelunda HC,BUY_NO,0.55,100%,
2026-01-02 22:55,136239,VfL Wolfsburg vs. FC St. Pauli 1910 - More Markets,BUY_NO,0.725,100%,"Market available, news available"
2026-01-02 23:01,106222,TX-32 House Election Winner,BUY_YES,0.435,99%,Unambiguous article results from multiple credible news sources indicate Julie Johnson as the winner.
2026-01-02 23:01,130250,ACF Fiorentina vs. AC Milan,BUY_YES,0.405,99%,ACF Fiorentina are the underdogs in this market
2026-01-02 23:02,109954,Flyers vs. Sabres,BUY_YES,0.575,100%,Article scores are within valid range
2026-01-02 23:02,129149,Texas Southern Tigers vs. Southern Jaguars,BUY_YES,0.375,100%,
2026-01-02 23:02,129078,Ball State Cardinals vs. Buffalo Bulls,BUY_NO,0.755,90%,Multiple articles about the Ball State Cardinals vs. Buffalo Bulls market
2026-01-02 23:03,136239,VfL Wolfsburg vs. FC St. Pauli 1910 - More Markets,BUY_NO,0.725,100%,No issues with the provided news feed.
2026-01-02 23:48,101750,Stars vs. Hurricanes,BUY_YES,0.525,99.923%,
2026-01-02 23:48,120836,Counter-Strike: MOUZ NXT vs ALGO Esports (BO1),BUY_YES,0.51,100%,No reason provided
2026-01-02 23:49,129313,SHL: Vaexjoe vs. Froelunda HC,BUY_YES,0.445,95%,Froelunda HC is playing Vaexjoe in the SHL
2026-01-02 23:49,129149,Texas Southern Tigers vs. Southern Jaguars,BUY_NO,0.625,95%,
2026-01-03 03:47,106222,TX-32 House Election Winner,BUY_NO,0.55,99%,Winner is Julie Johnson (D)
2026-01-03 03:47,135040,Fenerbahce vs. Olympiacos B.C.,BUY_YES,0.45,88%,News available for Fenerbahce vs. Olympiacos B.C.
2026-01-03 03:47,120834,Counter-Strike: SemperFi Esports vs MOUZ NXT (BO1),BUY_YES,0.465,85%,No live stream available
2026-01-03 03:48,109954,Flyers vs. Sabres,BUY_YES,0.57,100%,Valid news article provided
2026-01-03 03:48,129300,SHL: Leksands IF vs. HV 71,BUY_YES,0.555,99.984%,
2026-01-03 03:49,129169,Alabama A&M Bulldogs vs. Arkansas-Pine Bluff Golden Lions,BUY_YES,0.49,100%,Sufficient news to analyze market
2026-01-03 04:56,105840,University of Texas at Dallas Comets vs. Stephen F. Austin Lumberjacks,BUY_YES,0.465,100%,Market and News data available for University of Texas at Dallas Comets vs. Stephen F. Austin Lumberjacks
2026-01-03 04:57,106174,NC-01 House Election Winner,NEUTRAL,0.5,99%,Don Davis is the declared winner
2026-01-03 04:57,120836,Counter-Strike: MOUZ NXT vs ALGO Esports (BO1),BUY_YES,0.51,100%,
2026-01-03 04:57,132457,West Ham United FC vs. Nottingham Forest FC - More Markets,BUY_YES,0.765,100%,
2026-01-03 04:58,129076,Bowling Green Falcons vs. Massachusetts Minutemen,BUY_YES,0.48,91%,Valid match available
2026-01-03 04:58,136239,VfL Wolfsburg vs. FC St. Pauli 1910 - More Markets,BUY_YES,0.275,100%,
2026-01-03 05:44,105840,University of Texas at Dallas Comets vs. Stephen F. Austin Lumberjacks,BUY_YES,0.465,100%,
2026-01-03 05:44,135049,Virtus Bologna vs. Zalgiris Kaunas,BUY_YES,0.385,90%,
2026-01-03 05:44,101755,Bruins vs. Kraken,BUY_YES,0.56,100%,Market and news provided
2026-01-03 05:44,131918,Al Hazem SC vs. NEOM SC - More Markets,BUY_YES,0.76,99%,Multiple news sources available
2026-01-03 05:44,131917,Damac Saudi Club vs. Al Hilal Saudi Club - More Markets,BUY_YES,0.825,100%,JSON schema is valid
2026-01-03 05:45,131918,Al Hazem SC vs. NEOM SC - More Markets,BUY_YES,0.76,100%,More than 0 news available.
2026-01-03 05:45,128987,Northern Arizona Lumberjacks vs. Montana State Bobcats,BUY_YES,0.185,98%,
2026-01-03 05:45,120821,Counter-Strike: AaB esport vs MINLATE (BO1),BUY_YES,0.545,99%,
2026-01-03 05:55,101755,Bruins vs. Kraken,BUY_YES,0.56,100%,Market and News both provided
2026-01-03 05:55,120836,Counter-Strike: MOUZ NXT vs ALGO Esports (BO1),BUY_YES,0.51,100%,Both sources agree on this match.
2026-01-03 05:55,131918,Al Hazem SC vs. NEOM SC - More Markets,BUY_YES,0.76,100%,"No reason for the current response, match information found."
2026-01-03 06:57,120836,Counter-Strike: MOUZ NXT vs ALGO Esports (BO1),BUY_YES,0.51,99%,
2026-01-03 06:57,132457,West Ham United FC vs. Nottingham Forest FC - More Markets,BUY_YES,0.765,90%,Market and News data provided
2026-01-03 06:57,131918,Al Hazem SC vs. NEOM SC - More Markets,BUY_YES,0.76,87%,Multiple sources available
2026-01-03 06:58,120827,Counter-Strike: MINLATE vs ASTRAL (BO1),BUY_YES,0.585,99.9%,
2026-01-03 07:33,105840,University of Texas at Dallas Comets vs. Stephen F. Austin Lumberjacks,BUY_YES,0.47,95%,"Both news sources gave the Lumberjacks a high chance of winning, with one source showing a prediction of 99.92% and the other at 99.53%. This is likely due to their home-court advantage."
2026-01-03 07:33,120834,Counter-Strike: SemperFi Esports vs MOUZ NXT (BO1),BUY_YES,0.465,100%,No reason
2026-01-03 07:33,135049,Virtus Bologna vs. Zalgiris Kaunas,BUY_YES,0.37,100%,
2026-01-03 07:34,132457,West Ham United FC vs. Nottingham Forest FC - More Markets,BUY_YES,0.765,99%,
2026-01-03 07:34,109954,Flyers vs. Sabres,BUY_YES,0.55,98%,
2026-01-03 07:46,135049,Virtus Bologna vs. Zalgiris Kaunas,BUY_NO,0.63,97%,
2026-01-03 07:46,136900,Pelicans vs. Hawks,BUY_NO,0.655,100%,News and market provided
2026-01-03 07:47,131918,Al Hazem SC vs. NEOM SC - More Markets,BUY_YES,0.76,99%,
2026-01-03 07:47,131917,Damac Saudi Club vs. Al Hilal Saudi Club - More Markets,BUY_YES,0.83,88%,
2026-01-03 07:47,120827,Counter-Strike: MINLATE vs ASTRAL (BO1),BUY_YES,0.585,99%,Match between MINLATE and ASTRAL on 04.01.2026 at 12:00 has at least two news sources.
2026-01-03 08:00,105840,University of Texas at Dallas Comets vs. Stephen F. Austin Lumberjacks,BUY_YES,0.465,103%,
2026-01-03 08:01,130250,ACF Fiorentina vs. AC Milan,BUY_YES,0.405,85%,"ACF Fiorentina is currently at 18th and AC Milan is 4th, AC Milan is expected to win"
2026-01-03 08:01,132457,West Ham United FC vs. Nottingham Forest FC - More Markets,BUY_YES,0.765,99%,
2026-01-03 08:02,120827,Counter-Strike: MINLATE vs ASTRAL (BO1),BUY_YES,0.585,87%,
2026-01-03 08:02,120823,Counter-Strike: MINLATE vs Fingers Crossed (BO1),BUY_YES,0.585,99%,
2026-01-03 08:59,120834,Counter-Strike: SemperFi Esports vs MOUZ NXT (BO1),BUY_NO,0.59,95%,
2026-01-03 09:00,131917,Damac Saudi Club vs. Al Hilal Saudi Club - More Markets,BUY_YES,0.83,100%,
2026-01-03 09:00,128997,Mississippi State Bulldogs vs. Texas Longhorns,BUY_NO,0.54,90%,
2026-01-03 09:00,129149,Texas Southern Tigers vs. Southern Jaguars,BUY_YES,0.515,85%,
2026-01-03 09:38,105840,University of Texas at Dallas Comets vs. Stephen F. Austin Lumberjacks,BUY_YES,0.465,99%,Multiple valid sources available.
2026-01-03 09:38,120834,Counter-Strike: SemperFi Esports vs MOUZ NXT (BO1),BUY_YES,0.415,85%,no issues found with input match data
2026-01-03 09:38,135049,Virtus Bologna vs. Zalgiris Kaunas,BUY_YES,0.375,99%,News available for Virtus Bologna vs. Zalgiris Kaunas
2026-01-03 09:38,120836,Counter-Strike: MOUZ NXT vs ALGO Esports (BO1),BUY_YES,0.45,100%,no specific odds found
2026-01-03 09:39,131791,Melbourne Victory FC vs. Western Sydney Wanderers FC - More Markets,BUY_YES,0.75,84%,
2026-01-03 09:39,131917,Damac Saudi Club vs. Al Hilal Saudi Club - More Markets,BUY_YES,0.83,100%,
2026-01-03 09:39,129066,Hofstra Pride vs. Drexel Dragons,BUY_YES,0.47,100%,
2026-01-03 09:39,129064,Monmouth Hawks vs. Towson Tigers,BUY_YES,0.48,88%,Predictions available from 2 news sources.
2026-01-03 09:39,136239,VfL Wolfsburg vs. FC St. Pauli 1910 - More Markets,BUY_NO,0.725,99%,Successful analysis
2026-01-03 09:50,136897,Wizards vs. 76ers,BUY_NO,0.67,100%,Provided information is valid for the specified market
2026-01-03 09:50,101755,Bruins vs. Kraken,BUY_YES,0.525,90%,Both teams are covered in the news articles.
2026-01-03 09:50,131791,Melbourne Victory FC vs. Western Sydney Wanderers FC - More Markets,BUY_YES,0.75,95%,
2026-01-03 09:50,131917,Damac Saudi Club vs. Al Hilal Saudi Club - More Markets,BUY_YES,0.83,98%,
2026-01-03 09:51,128997,Mississippi State Bulldogs vs. Texas Longhorns,BUY_YES,0.46,98.85%,
2026-01-03 09:51,129066,Hofstra Pride vs. Drexel Dragons,BUY_YES,0.47,98%,
2026-01-03 10:42,136897,Wizards vs. 76ers,BUY_YES,0.335,100%,News has been validated successfully
2026-01-03 10:42,135049,Virtus Bologna vs. Zalgiris Kaunas,BUY_YES,0.375,100%,No issues found
2026-01-03 10:43,132457,West Ham United FC vs. Nottingham Forest FC - More Markets,BUY_YES,0.765,100%,Market and news are available
2026-01-03 10:43,131918,Al Hazem SC vs. NEOM SC - More Markets,BUY_YES,0.765,100%,
2026-01-03 10:43,128997,Mississippi State Bulldogs vs. Texas Longhorns,BUY_NO,0.54,100%,
2026-01-03 10:43,128973,Stetson Hatters vs. Central Arkansas Bears,BUY_NO,0.49,100%,No issues found in the provided news feed.
2026-01-03 10:44,129182,Memphis Tigers vs. Rice Owls,BUY_YES,0.51,96%,
2026-01-03 10:53,105840,University of Texas at Dallas Comets vs. Stephen F. Austin Lumberjacks,BUY_YES,0.465,99%,
2026-01-03 10:53,106222,TX-32 House Election Winner,BUY_NO,0.58,99%,"Julie Johnson, a Democrat, wins the 32nd District in Texas."
2026-01-03 10:54,131917,Damac Saudi Club vs. Al Hilal Saudi Club - More Markets,BUY_YES,0.825,100%,
2026-01-03 10:54,132457,West Ham United FC vs. Nottingham Forest FC - More Markets,BUY_YES,0.765,99%,
2026-01-03 11:29,132457,West Ham United FC vs. Nottingham Forest FC - More Markets,BUY_YES,0.765,100%,
2026-01-03 11:30,128973,Stetson Hatters vs. Central Arkansas Bears,BUY_YES,0.51,100%,No issues found
2026-01-03 11:45,105840,University of Texas at Dallas Comets vs. Stephen F. Austin Lumberjacks,BUY_YES,0.465,103%,
2026-01-03 11:46,130250,ACF Fiorentina vs. AC Milan,BUY_YES,0.475,99%,Serie A team information available.
2026-01-03 11:46,135049,Virtus Bologna vs. Zalgiris Kaunas,PASS,0.605,95%,
2026-01-03 11:46,131983,Stade de Reims vs. FC Annecy - More Markets,BUY_YES,0.225,100%,
2026-01-03 11:46,132457,West Ham United FC vs. Nottingham Forest FC - More Markets,BUY_YES,0.765,100%,News articles found
2026-01-03 11:47,129066,Hofstra Pride vs. Drexel Dragons,BUY_YES,0.46,99%,News articles detected for Hofstra Pride vs. Drexel Dragons.
2026-01-03 11:47,129064,Monmouth Hawks vs. Towson Tigers,BUY_YES,0.48,100%,
2026-01-03 13:37,101755,Bruins vs. Kraken,BUY_YES,0.525,100%,Available news articles found
2026-01-03 13:37,140083,Brisbane International: Jiri Lehecka vs Tomas Machac,BUY_YES,0.63,99%,
2026-01-03 13:37,140075,Paris Saint-Germain FC vs. Lille OSC,BUY_YES,0.655,99%,
2026-01-03 13:37,131791,Melbourne Victory FC vs. Western Sydney Wanderers FC - More Markets,BUY_YES,0.765,99%,No issues found
2026-01-03 13:38,133320,AHL: Wilkes-Barre/Scranton Penguins vs. Syracuse Crunch,BUY_YES,0.525,100%,Games available
2026-01-03 13:53,105840,University of Texas at Dallas Comets vs. Stephen F. Austin Lumberjacks,BUY_YES,0.465,85%,Upcoming match information found
2026-01-03 13:53,101755,Bruins vs. Kraken,BUY_YES,0.525,85%,
2026-01-03 13:53,120836,Counter-Strike: MOUZ NXT vs ALGO Esports (BO1),BUY_YES,0.525,99.98746%,
2026-01-03 13:54,131791,Melbourne Victory FC vs. Western Sydney Wanderers FC - More Markets,BUY_YES,0.765,100%,
2026-01-03 13:54,129032,Texas A&M-Corpus Christi Islanders vs. Texas-Rio Grande Valley Vaqueros,BUY_YES,0.53,85%,Valid input
2026-01-03 14:40,120836,Counter-Strike: MOUZ NXT vs ALGO Esports (BO1),BUY_YES,0.525,100%,
2026-01-03 14:40,140399,LoL: LGD Gaming vs Ultra Prime (BO3),BUY_YES,0.625,87%,
2026-01-03 14:41,131917,Damac Saudi Club vs. Al Hilal Saudi Club - More Markets,BUY_YES,0.83,95%,
2026-01-03 14:41,140402,LoL: LNG Esports vs Ultra Prime (BO3),BUY_YES,0.615,100%,Predicted score available from multiple news sources
2026-01-03 14:41,140084,"ASB Classic, Qualification: Veronika Erjavec vs Sofia Costoulas",BUY_YES,0.54,100%,
2026-01-03 14:41,109954,Flyers vs. Sabres,BUY_YES,0.535,100%,Success: Market and News data are available.
2026-01-03 14:41,140440,LoL: Bilibili Gaming vs Anyone's Legend (BO3),BUY_YES,0.495,100%,valid market and news for LoL: Bilibili Gaming vs Anyone's Legend (BO3)
2026-01-03 14:52,105840,University of Texas at Dallas Comets vs. Stephen F. Austin Lumberjacks,BUY_NO,0.535,100%,
2026-01-03 14:52,106222,TX-32 House Election Winner,BUY_NO,0.515,99%,"Julie Johnson, a Democrat, wins the 32nd District in Texas."
2026-01-03 14:52,106216,PA-10 House Election Winner,BUY_NO,0.52,98%,No clear winner declared for PA-10 House special election.
2026-01-03 14:52,131272,DEL: Bremerhaven vs. Iserlohn Roosters,BUY_YES,0.675,100%,Two valid live scores found on flashscore and livescore
2026-01-03 14:52,140083,Brisbane International: Jiri Lehecka vs Tomas Machac,BUY_YES,0.63,100%,No issues found
2026-01-03 14:53,140399,LoL: LGD Gaming vs Ultra Prime (BO3),BUY_YES,0.625,90%,The given news indicates LGD Gaming has a higher win rate and overall stronger performance.
2026-01-03 14:53,132457,West Ham United FC vs. Nottingham Forest FC - More Markets,BUY_YES,0.765,100%,No apparent errors in input data.
2026-01-03 14:53,131918,Al Hazem SC vs. NEOM SC - More Markets,BUY_YES,0.765,100%,Available markets detected
2026-01-03 14:53,140101,"Brisbane International, Qualification: Ethan Quinn vs Raphael Collignon",BUY_YES,0.53,90%,Not enough data to determine the winner.
2026-01-03 15:35,101755,Bruins vs. Kraken,BUY_YES,0.525,100%,
2026-01-03 15:35,131272,DEL: Bremerhaven vs. Iserlohn Roosters,BUY_YES,0.675,99.992308%,Latest available odds are from 04/01/2026
2026-01-03 15:35,140083,Brisbane International: Jiri Lehecka vs Tomas Machac,BUY_YES,0.655,100%,No errors in input
2026-01-03 15:36,131791,Melbourne Victory FC vs. Western Sydney Wanderers FC - More Markets,BUY_YES,0.765,100%,No issues with the provided data
2026-01-03 15:49,101750,Stars vs. Hurricanes,BUY_YES,0.53,99%,No errors found
2026-01-03 15:49,120836,Counter-Strike: MOUZ NXT vs ALGO Esports (BO1),BUY_YES,0.525,100%,Both news sources agree on the outcome of the match
2026-01-03 15:49,101755,Bruins vs. Kraken,BUY_YES,0.525,100%,Market and news available
2026-01-03 15:49,140075,Paris Saint-Germain FC vs. Lille OSC,BUY_YES,0.655,90%,sufficient_head_to_head_data
2026-01-03 15:49,131918,Al Hazem SC vs. NEOM SC - More Markets,BUY_YES,0.765,100%,Sufficient information available about both teams
2026-01-03 15:50,132457,West Ham United FC vs. Nottingham Forest FC - More Markets,BUY_YES,0.765,100%,Market and news data are available
2026-01-03 15:50,140101,"Brisbane International, Qualification: Ethan Quinn vs Raphael Collignon",BUY_YES,0.535,85%,
2026-01-03 15:50,140440,LoL: Bilibili Gaming vs Anyone's Legend (BO3),BUY_NO,0.505,100%,Enough news content to make a prediction
2026-01-03 16:49,131918,Al Hazem SC vs. NEOM SC - More Markets,BUY_YES,0.765,88%,
2026-01-03 16:49,132457,West Ham United FC vs. Nottingham Forest FC - More Markets,BUY_YES,0.765,100%,market and news provided
2026-01-03 16:49,131287,DEL: Straubing Tigers vs. ERC Ingolstadt,BUY_YES,0.535,99%,Valid match info
2026-01-03 16:49,131290,DEL: Nurnberg Ice Tigers vs. Grizzlys Wolfsburg,BUY_YES,0.535,100%,Market information is available
2026-01-03 17:01,101755,Bruins vs. Kraken,BUY_YES,0.525,100%,No invalid data found in news feeds.
2026-01-03 17:01,120836,Counter-Strike: MOUZ NXT vs ALGO Esports (BO1),BUY_YES,0.525,100%,
2026-01-03 17:01,140083,Brisbane International: Jiri Lehecka vs Tomas Machac,BUY_YES,0.66,99%,
2026-01-03 17:02,131917,Damac Saudi Club vs. Al Hilal Saudi Club - More Markets,BUY_YES,0.83,100%,News and market found
2026-01-03 17:02,140095,Brisbane International: Brandon Nakashima vs Alejandro Davidovich Fokina,"buy_yes"" if 0.41 > 0.5 else ""hold_yes",0.41,98%,Match details found.
2026-01-03 17:02,120821,Counter-Strike: AaB esport vs MINLATE (BO1),BUY_YES,0.545,99%,match not started
2026-01-03 17:48,105840,University of Texas at Dallas Comets vs. Stephen F. Austin Lumberjacks,BUY_NO,0.535,90%,The Lumberjacks are heavily favored to win
2026-01-03 17:48,106222,TX-32 House Election Winner,BUY_YES,0.48,100%,The winner is Julie Johnson
2026-01-03 17:49,131917,Damac Saudi Club vs. Al Hilal Saudi Club - More Markets,BUY_YES,0.83,100%,Data is available for the match between Damac Saudi Club and Al Hilal Saudi Club
2026-01-03 18:01,105840,University of Texas at Dallas Comets vs. Stephen F. Austin Lumberjacks,BUY_YES,0.465,100%,Valid match data found
2026-01-03 18:01,135050,Hapoel Tel Aviv vs. BC Dubai,BUY_YES,0.485,100%,Both sources agree on the game's date and time
2026-01-03 18:02,120836,Counter-Strike: MOUZ NXT vs ALGO Esports (BO1),BUY_YES,0.525,100%,
2026-01-03 18:02,109954,Flyers vs. Sabres,BUY_YES,0.535,100%,Market and News are available
2026-01-03 18:59,105840,University of Texas at Dallas Comets vs. Stephen F. Austin Lumberjacks,BUY_YES,0.47,103%,"Stephen F. Austin Lumberjacks defeated the University of Texas at Dallas Comets 103-55 on December 21, 2025."
2026-01-03 18:59,130250,ACF Fiorentina vs. AC Milan,BUY_YES,0.49,98%,
2026-01-03 18:59,117744,Montreuil FC vs. Amiens SC,BUY_NO,0.65,100%,Two or more news sources available.
2026-01-03 18:59,140083,Brisbane International: Jiri Lehecka vs Tomas Machac,PARTIAL_BUY,0.36,96%,
2026-01-03 19:00,131918,Al Hazem SC vs. NEOM SC - More Markets,BUY_YES,0.765,100%,both sources have a score available
2026-01-03 19:00,131791,Melbourne Victory FC vs. Western Sydney Wanderers FC - More Markets,BUY_YES,0.765,100%,Market and news available
2026-01-03 19:00,131917,Damac Saudi Club vs. Al Hilal Saudi Club - More Markets,BUY_YES,0.83,84%,
2026-01-03 19:01,120827,Counter-Strike: MINLATE vs ASTRAL (BO1),BUY_YES,0.585,81%,
2026-01-03 19:29,106222,TX-32 House Election Winner,BUY_NO,0.58,99%,Election results from multiple sources confirm Julie Johnson's win in the 32nd District of Texas election.
2026-01-03 19:29,106216,PA-10 House Election Winner,BUY_YES,0.52,90%,"Republican Scott Perry won the 2024 election in the PA-10 House election, however another Democrat won a special election for a different PA House seat which could impact the majority control."
2026-01-03 19:29,120836,Counter-Strike: MOUZ NXT vs ALGO Esports (BO1),BUY_YES,0.535,100%,
2026-01-03 19:29,140083,Brisbane International: Jiri Lehecka vs Tomas Machac,BUY_YES,0.65,99%,
2026-01-03 19:30,140095,Brisbane International: Brandon Nakashima vs Alejandro Davidovich Fokina,BUY_YES,0.415,99%,Enough articles found.
2026-01-03 19:30,109954,Flyers vs. Sabres,BUY_YES,0.535,100%,The game between Flyers and Sabres was played. News articles are available.
2026-01-03 19:30,120821,Counter-Strike: AaB esport vs MINLATE (BO1),BUY_YES,0.545,85%,"both news sources report the same odds, with the winner in favor of MINLATE"
2026-01-03 19:47,140095,Brisbane International: Brandon Nakashima vs Alejandro Davidovich Fokina,BUY_YES,0.415,99%,
2026-01-03 20:40,106216,PA-10 House Election Winner,BUY_YES,0.48,99%,Dan Goughnour wins special election in western Pennsylvania as a Democrat.
2026-01-03 20:41,101755,Bruins vs. Kraken,BUY_YES,0.53,100%,'Market' and 'News' have been found
2026-01-03 20:41,131917,Damac Saudi Club vs. Al Hilal Saudi Club - More Markets,BUY_YES,0.83,96%,
2026-01-03 20:53,105840,University of Texas at Dallas Comets vs. Stephen F. Austin Lumberjacks,BUY_YES,0.46,100%,Insufficient information to determine a winner.
2026-01-03 20:53,131791,Melbourne Victory FC vs. Western Sydney Wanderers FC - More Markets,BUY_YES,0.765,90%,News sources are available
2026-01-03 21:02,105840,University of Texas at Dallas Comets vs. Stephen F. Austin Lumberjacks,BUY_YES,0.46,103%,SFA has recent score available against UTD
2026-01-03 21:02,140985,Dota 2: Execration vs Ivory (BO3),BUY_YES,0.825,99%,
2026-01-03 21:02,101755,Bruins vs. Kraken,BUY_YES,0.53,100%,
2026-01-03 21:02,120836,Counter-Strike: MOUZ NXT vs ALGO Esports (BO1),BUY_YES,0.535,100%,
2026-01-03 21:48,105840,University of Texas at Dallas Comets vs. Stephen F. Austin Lumberjacks,BUY_NO,0.54,98%,News sources available
2026-01-03 21:48,106222,TX-32 House Election Winner,BUY_NO,0.535,99%,Julie Johnson is the winner of the 2024 TX-32 House election.
2026-01-03 21:48,140985,Dota 2: Execration vs Ivory (BO3),BUY_YES,0.78,99.99%,Execration is predicted to win with 1.2
2026-01-03 21:48,101750,Stars vs. Hurricanes,BUY_YES,0.55,100%,Valid input
2026-01-03 21:49,132451,Crystal Palace FC vs. Aston Villa FC - More Markets,BUY_YES,0.75,95%,News feed is valid
2026-01-03 21:49,101755,Bruins vs. Kraken,BUY_YES,0.53,100%,Market and news are related with the Bruins vs. Kraken.
2026-01-03 21:49,132455,Everton FC vs. Wolverhampton Wanderers FC - More Markets,BUY_YES,0.71,98%,News data format is as expected
2026-01-03 21:49,140075,Paris Saint-Germain FC vs. Lille OSC,BUY_YES,0.655,98%,
2026-01-03 22:01,140985,Dota 2: Execration vs Ivory (BO3),BUY_YES,0.78,88%,
2026-01-03 22:02,132451,Crystal Palace FC vs. Aston Villa FC - More Markets,BUY_YES,0.75,100%,Market and news data available
2026-01-03 22:02,141067,Egypt vs. Benin - More Markets,BUY_NO,0.61,95%,
2026-01-03 22:02,141065,Algeria vs. DR Congo - More Markets,BUY_YES,0.64,100%,No errors or anomalies in data
2026-01-03 22:02,131918,Al Hazem SC vs. NEOM SC - More Markets,BUY_YES,0.765,100%,
2026-01-03 22:52,140985,Dota 2: Execration vs Ivory (BO3),BUY_YES,0.78,90%,Insufficient information
2026-02-01 04:16,191632,TN-08 House Election Winner,BUY_YES,0.545,98%,Matt Van Epps is the declared winner of the TN-08 House Election
2026-02-01 04:17,191701,Will GRVT launch a token by ___?,BUY_YES,0.565,99%,
2026-02-01 04:17,191647,TX-16 House Election Winner,BUY_NO,0.545,100%,Congresswoman Veronica Escobar represents Texas' 16th Congressional District and is the current representative.
2026-02-01 04:17,188415,Los Angeles FC vs. Inter Miami CF - More Markets,BUY_YES,0.85,100%,
2026-02-01 04:17,187053,AFC Bournemouth vs. Aston Villa FC - More Markets,BUY_YES,0.82,98%,
2026-02-01 04:17,166490,Olympique Lyonnais vs. Stade Lavallois Mayenne FC,BUY_YES,0.775,90%,Match found between Olympique Lyonnais and Stade Lavallois Mayenne FC.
2026-02-01 04:18,188662,Rainbow Six Siege: Daystar vs Elevate (BO3) - Six Invitational Group B,BUY_NO,0.69,100%,
2026-02-01 04:18,188681,Rainbow Six Siege: Ninjas in Pyjamas vs M80 (BO3) - Six Invitational Group A,BUY_NO,0.76,91%,Both news sources provide favorable information about the game.
2026-02-01 04:18,189213,LoL: LOUD vs Fluxo W7M (BO1) - CBLOL Cup Regular Season,BUY_YES,0.635,100%,
2026-02-01 05:47,106216,PA-10 House Election Winner,BUY_NO,0.625,99%,PA-10 house election winner is Rep. Scott Perry.
2026-02-01 05:47,191701,Will GRVT launch a token by ___?,BUY_YES,0.565,99%,"Yes, GRVT's market presence suggests they have plans to launch a token at some point."
2026-02-01 05:47,189780,Film Independent Spirit Awards: Best First Screenplay Winner,BUY_YES,0.41,99%,Sean Wang's 'Dìdi' is the Best First Screenplay Winner
2026-02-01 05:47,183808,CD Concepción vs. O'Higgins FC,BUY_NO,0.545,85%,News available for the CD Concepción vs. O'Higgins FC match
2026-02-01 05:47,188415,Los Angeles FC vs. Inter Miami CF - More Markets,BUY_YES,0.85,88%,More Markets found in Los Angeles Memorial Coliseum
2026-02-01 05:48,166490,Olympique Lyonnais vs. Stade Lavallois Mayenne FC,BUY_YES,0.78,100%,
2026-02-01 05:48,175583,Al Okhdood SC vs. NEOM SC - More Markets,BUY_YES,0.505,85%,
2026-02-01 05:48,190034,Paris Saint-Germain FC vs. Olympique de Marseille - More Markets,BUY_NO,0.325,95%,Enough information available
2026-02-01 05:48,189213,LoL: LOUD vs Fluxo W7M (BO1) - CBLOL Cup Regular Season,BUY_YES,0.635,100%,News available
2026-02-01 05:49,194353,Valorant: RAFHA eSPORTS vs Vibranium Esports (BO3) - VCL MENA: Resilience Kickoff Group Stage - NA,BUY_YES,0.5,88%,Match found
2026-02-01 06:34,193689,Oilers vs. Kings,BUY_YES,0.715,99%,News and market data provided
2026-02-01 06:34,191632,TN-08 House Election Winner,BUY_YES,0.545,99%,David Kustoff is declared the winner by the Associated Press
2026-02-01 06:34,191701,Will GRVT launch a token by ___?,BUY_YES,0.565,100%,GRVT has a past token sale and market data available
2026-02-01 06:34,106186,PA-01 House Election Winner,BUY_YES,0.335,100%,Brian Fitzpatrick is the winner in both 2022 and 2024 PA-01 House elections as per Ballotpedia.
2026-02-01 06:35,187053,AFC Bournemouth vs. Aston Villa FC - More Markets,BUY_YES,0.82,100%,
2026-02-01 06:35,188681,Rainbow Six Siege: Ninjas in Pyjamas vs M80 (BO3) - Six Invitational Group A,BUY_NO,0.76,99%,Match score prediction is available.
2026-02-01 06:35,190034,Paris Saint-Germain FC vs. Olympique de Marseille - More Markets,BUY_YES,0.675,98%,
2026-02-01 06:35,194685,Ostrava Open: Caty McNally vs Suzan Lamens,BUY_YES,0.665,99%,match found
2026-02-01 06:35,193658,SHL: Timraa vs. Linkoeping,BUY_YES,0.55,85%,There is no reason to reject the input.
2026-02-01 07:25,190502,Film Independent Spirit Awards: Best Breakthrough Performance Winner (TV),BUY_YES,0.415,84%,
2026-02-01 07:25,187200,Super Rugby Pacific: Western Force vs Blues,BUY_NO,0.51,100%,
2026-02-01 07:26,106186,PA-01 House Election Winner,BUY_NO,0.675,100%,The winner of the 2024 Pennsylvania's 1st Congressional District election is Brian Fitzpatrick.
2026-02-01 07:26,189818,Film Independent Spirit Awards: Best Editing Winner,BUY_YES,0.435,99.888305%,
2026-02-01 07:26,191398,DE-AL House Election Winner,BUY_Yes,0.83,800%,Christian Menefee won the US House election for seat in Texas.
2026-02-01 07:26,188415,Los Angeles FC vs. Inter Miami CF - More Markets,BUY_YES,0.85,100%,
2026-02-01 07:26,189169,Pallacanestro Trieste vs. Universo Treviso Basket,BUY_YES,0.725,92%,Valid data provided
2026-02-01 07:27,189213,LoL: LOUD vs Fluxo W7M (BO1) - CBLOL Cup Regular Season,BUY_YES,0.635,100%,Match found
2026-02-01 07:27,194661,Open Sud de France: Miomir Kecmanovic vs Pablo Carreno Busta,BUY_YES,0.505,83%,Both sources suggest Pablo Carreno Busta has an advantage over Miomir Kecmanovic.
2026-02-01 07:59,191654,TX-24 House Election Winner,BUY_YES,0.445,99%,Christian Menefee won the Texas-24 House election
2026-02-01 07:59,191647,TX-16 House Election Winner,BUY_NO,0.545,82%,Christian Menefee won the special election in Texas
2026-02-01 08:00,166490,Olympique Lyonnais vs. Stade Lavallois Mayenne FC,BUY_YES,0.775,100%,
2026-02-01 08:00,193188,Argentino vs. Olimpico,BUY_NO,0.685,95%,Valid JSON with 3 keys
2026-02-01 08:29,106216,PA-10 House Election Winner,BUY_NO,0.62,99%,The winner of the PA-10 House election is Scott Perry.
2026-02-01 08:30,189780,Film Independent Spirit Awards: Best First Screenplay Winner,BUY_YES,0.41,99%,Sean Wang's 'Dìdi' won the Best First Screenplay award.
2026-02-01 08:30,191654,TX-24 House Election Winner,BUY_YES,0.43,84%,Christian Menefee is the Democratic winner of the TX-24 House Election
2026-02-01 09:02,191701,Will GRVT launch a token by ___?,BUY_YES,0.57,100%,"Market exists, and there are relevant news"
2026-02-01 09:03,188415,Los Angeles FC vs. Inter Miami CF - More Markets,BUY_YES,0.85,100%,Successful News Retrieval
2026-02-01 09:03,187053,AFC Bournemouth vs. Aston Villa FC - More Markets,BUY_YES,0.82,95%,Valid input
2026-02-01 09:03,166490,Olympique Lyonnais vs. Stade Lavallois Mayenne FC,BUY_YES,0.775,90%,Data appears to be a valid match news
2026-02-01 09:03,175587,Al Riyadh Saudi Club vs. Al Nassr Saudi Club - More Markets,BUY_YES,0.48,100%,valid news feed
2026-02-01 09:03,190034,Paris Saint-Germain FC vs. Olympique de Marseille - More Markets,DONT_BUY,0.325,99%,Market and news data are available
2026-02-01 09:57,106222,TX-32 House Election Winner,BUY_NO,0.76,100%,State Rep. Julie Johnson wins Colin Allred's 32nd Congressional District seat
2026-02-01 09:57,106216,PA-10 House Election Winner,BUY_NO,0.595,100%,"Based on the news, the winner of the PA-10 House election is Democrat Janelle Stelson with a reported score of 0.9981756."
2026-02-01 09:57,191654,TX-24 House Election Winner,BUY_NO,0.555,95%,"Christian Menefee, a Democrat, won the TX-24 House election."
2026-02-01 09:57,106174,NC-01 House Election Winner,BUY_YES,0.5,99%,Don Davis wins NC 1st Congressional District
2026-02-01 09:57,191632,TN-08 House Election Winner,BUY_NO,0.455,99%,David Kustoff is the winner of the TN-08 House Election.
2026-02-01 09:57,191647,TX-16 House Election Winner,BUY_NO,0.56,100%,Democratic candidate Christian Menefee wins Texas special election for US House seat
2026-02-01 09:58,188415,Los Angeles FC vs. Inter Miami CF - More Markets,BUY_YES,0.85,100%,
2026-02-01 09:58,190098,Villarreal CF vs. RCD Espanyol de Barcelona - More Markets,BUY_YES,0.64,1000%,
2026-02-01 09:59,183765,AD Cali vs. AD Pasto,BUY_NO,0.84,91%,There are two news articles available.
2026-02-01 10:16,187200,Super Rugby Pacific: Western Force vs Blues,BUY_YES,0.495,100%,Market found
2026-02-01 10:16,106216,PA-10 House Election Winner,BUY_YES,0.375,99%,"Scott Perry defeats Janelle Stelson, wins reelection in PA-10"
2026-02-01 10:16,191398,DE-AL House Election Winner,BUY_YES,0.83,85%,Christian Menefee won the election for the US House seat in Texas.
2026-02-01 10:16,191647,TX-16 House Election Winner,BUY_YES,0.44,97%,Christian Menefee wins Texas special election for US House seat
2026-02-01 10:17,166490,Olympique Lyonnais vs. Stade Lavallois Mayenne FC,BUY_YES,0.775,100%,
2026-02-01 10:17,190034,Paris Saint-Germain FC vs. Olympique de Marseille - More Markets,BUY_YES,0.675,90%,JSON format is valid
2026-02-01 10:17,194353,Valorant: RAFHA eSPORTS vs Vibranium Esports (BO3) - VCL MENA: Resilience Kickoff Group Stage - NA,BUY_YES,0.5,99%,match info available
2026-02-01 10:18,188311,FC Cincinnati vs. Atlanta United FC,BUY_YES,0.52,83%,
2026-02-01 10:18,188313,Orlando City SC vs. New York Red Bulls,BUY_NO,0.51,99%,
2026-02-01 10:18,183765,AD Cali vs. AD Pasto,NOT_SURE,0.84,100%,Insufficient information to determine odds confidence
2026-02-01 10:58,106222,TX-32 House Election Winner,BUY_NO,0.76,98%,Democrat Christian Menefee wins special election for Texas U.S. House seat
2026-02-01 10:58,106186,PA-01 House Election Winner,BUY_YES,0.295,85%,Incumbent Brian Fitzpatrick was declared the winner for PA-01 House Election
2026-02-01 10:59,189780,Film Independent Spirit Awards: Best First Screenplay Winner,BUY_NO,0.585,99%,"Sean Wang's ""Dìdi"""
2026-02-01 10:59,187200,Super Rugby Pacific: Western Force vs Blues,BUY_YES,0.495,100%,
2026-02-01 10:59,194170,BV Borussia 09 Dortmund vs. 1. FSV Mainz 05,BUY_YES,0.73,100%,Predictions available
2026-02-01 10:59,188415,Los Angeles FC vs. Inter Miami CF - More Markets,BUY_YES,0.85,86%,
2026-02-01 10:59,166490,Olympique Lyonnais vs. Stade Lavallois Mayenne FC,BUY_YES,0.775,100%,Match prediction score is available
2026-02-01 11:00,188681,Rainbow Six Siege: Ninjas in Pyjamas vs M80 (BO3) - Six Invitational Group A,BUY_YES,0.235,100%,Match data is present
2026-02-01 11:00,190075,LoL: SK Gaming vs GIANTX (BO1) - LEC Versus Regular Season,BUY_YES,0.51,82%,
2026-02-01 11:00,188311,FC Cincinnati vs. Atlanta United FC,BUY_YES,0.52,100%,Both articles confirm the match between FC Cincinnati and Atlanta United FC with scores: FC Cincinnati vs. Atlanta United FC.
2026-02-01 11:16,191690,WV-02 House Election Winner,BUY_NO,0.835,90%,Winning candidate: Riley Moore
2026-02-01 11:17,187200,Super Rugby Pacific: Western Force vs Blues,BUY_YES,0.495,95%,All inputs within expected format and range
2026-02-01 11:17,106216,PA-10 House Election Winner,BUY_NO,0.6,100%,Scott Perry was re-elected as the PA-10 House Representative
2026-02-01 11:17,189780,Film Independent Spirit Awards: Best First Screenplay Winner,BUY_YES,0.41,99%,Sean Wang wins Best First Screenplay at the 2025 Film Independent Spirit Awards for 'Dìdi'
2026-02-01 11:17,153918,Al Nassr Saudi Club vs. Al Ittihad Saudi Club,BUY_YES,0.58,100%,news is available about the match
2026-02-01 11:17,166490,Olympique Lyonnais vs. Stade Lavallois Mayenne FC,BUY_YES,0.775,90%,
2026-02-01 11:18,190034,Paris Saint-Germain FC vs. Olympique de Marseille - More Markets,BUY_NO,0.325,88%,
2026-02-01 11:18,194685,Ostrava Open: Caty McNally vs Suzan Lamens,BUY_YES,0.69,100%,
2026-02-01 11:18,190075,LoL: SK Gaming vs GIANTX (BO1) - LEC Versus Regular Season,BUY_YES,0.51,89%,
2026-02-01 11:18,188311,FC Cincinnati vs. Atlanta United FC,PREDICT_YES,0.52,85%,FC Cincinnati lost 4-2 to Atlanta United FC
2026-02-01 11:52,106186,PA-01 House Election Winner,BUY_NO,0.705,95%,Available news articles found.
2026-02-01 11:52,153918,Al Nassr Saudi Club vs. Al Ittihad Saudi Club,BUY_YES,0.57,100%,
2026-02-01 11:52,191640,TX-07 House Election Winner,BUY_NO,0.795,98%,At least one news source confirms the winner as Christian Menefee.
2026-02-01 11:53,188681,Rainbow Six Siege: Ninjas in Pyjamas vs M80 (BO3) - Six Invitational Group A,BUY_YES,0.24,100%,
2026-02-01 11:53,194685,Ostrava Open: Caty McNally vs Suzan Lamens,BUY_YES,0.69,100%,
2026-02-01 11:53,193658,SHL: Timraa vs. Linkoeping,BUY_YES,0.56,100%,
2026-02-01 12:02,190502,Film Independent Spirit Awards: Best Breakthrough Performance Winner (TV),BUY_YES,0.41,99%,The Film Independent Spirit Awards Best Breakthrough Performance Winner (TV) information is available.
2026-02-01 12:02,193689,Oilers vs. Kings,BUY_YES,0.715,85%,
2026-02-01 12:02,106216,PA-10 House Election Winner,BUY_YES,0.44,99%,Confirmed from news sources
2026-02-01 12:03,194685,Ostrava Open: Caty McNally vs Suzan Lamens,BUY_YES,0.69,99%,Match is currently scheduled.
2026-02-01 12:03,190075,LoL: SK Gaming vs GIANTX (BO1) - LEC Versus Regular Season,BUY_YES,0.51,98%,
2026-02-01 13:29,191654,TX-24 House Election Winner,BUY_YES,0.42,96%,Christian Menefee won the TX-24 House Election
2026-02-01 13:29,106186,PA-01 House Election Winner,BUY_NO,0.635,100%,'The incumbent Brian Fitzpatrick won the election in both 2024 and 2022.'
2026-02-01 13:30,191632,TN-08 House Election Winner,BUY_YES,0.555,99%,Republican Matt Van Epps wins US House special election in TN-08.
2026-02-01 13:30,106216,PA-10 House Election Winner,BUY_YES,0.435,99%,Scott Perry is declared the winner in the PA-10 House Election.
2026-02-01 13:30,193689,Oilers vs. Kings,BUY_YES,0.715,100%,News available for Oilers vs. Kings
2026-02-01 13:30,187053,AFC Bournemouth vs. Aston Villa FC - More Markets,BUY_YES,0.82,100%,No reason provided
2026-02-01 13:30,175587,Al Riyadh Saudi Club vs. Al Nassr Saudi Club - More Markets,BUY_YES,0.5,100%,Both Al Riyadh Saudi Club and Al Nassr Saudi Club are available.
2026-02-01 13:31,194693,Mubadala Abu Dhabi Open: Dayana Yastremska vs Beatriz Haddad Maia,BUY_YES,0.68,100%,no errors found in news and market data
2026-02-01 14:03,189780,Film Independent Spirit Awards: Best First Screenplay Winner,YES,0.41,99%,Sean Wang won the Best First Screenplay at the 41st Film Independent Spirit Awards for 'Dìdi'.
2026-02-01 14:03,193689,Oilers vs. Kings,BUY_YES,0.715,90%,Market and news both valid
2026-02-01 14:03,191611,PA-13 House Election Winner,BUY_YES,0.545,100%,John Joyce wins the 13th District in Pennsylvania.
2026-02-01 14:04,187053,AFC Bournemouth vs. Aston Villa FC - More Markets,BUY_YES,0.82,100%,No reason for invalidity
2026-02-01 14:04,188415,Los Angeles FC vs. Inter Miami CF - More Markets,BUY_YES,0.85,100%,Market and news available for the Los Angeles FC vs. Inter Miami CF match.
2026-02-01 14:04,166490,Olympique Lyonnais vs. Stade Lavallois Mayenne FC,SELL_YES,0.785,100%,
2026-02-01 14:04,190034,Paris Saint-Germain FC vs. Olympique de Marseille - More Markets,BUY_YES,0.675,100%,Valid JSON input
2026-02-01 14:04,194693,Mubadala Abu Dhabi Open: Dayana Yastremska vs Beatriz Haddad Maia,BUY_NO,0.555,81%,
2026-02-01 14:58,106222,TX-32 House Election Winner,BUY_YES,0.255,85%,
2026-02-01 14:58,189818,Film Independent Spirit Awards: Best Editing Winner,BUY_YES,0.44,99%,
2026-02-01 14:58,189780,Film Independent Spirit Awards: Best First Screenplay Winner,BUY_YES,0.355,100%,Both winners of Independent Spirit Awards 2025 for Best First Screenplay and Best Debut were for 'Dìdi'.
2026-02-01 14:59,193188,Argentino vs. Olimpico,BUY_YES,0.31,95%,Recent head-to-head results strongly favor Olimpico.
2026-02-01 15:00,193658,SHL: Timraa vs. Linkoeping,BUY_YES,0.555,100%,No reason provided
2026-02-01 15:00,188311,FC Cincinnati vs. Atlanta United FC,BUY_NO,0.48,100%,No reason
2026-02-01 15:17,191654,TX-24 House Election Winner,BUY_YES,0.435,95%,Christian Menefee is the winner of the TX-24 House Election
2026-02-01 15:17,191701,Will GRVT launch a token by ___?,Buy YES,0.715,81%,
2026-02-01 15:18,191647,TX-16 House Election Winner,BUY_NO,0.6,88%,Christian Menefee is the TX-16 House Election Winner
2026-02-01 15:18,187053,AFC Bournemouth vs. Aston Villa FC - More Markets,BUY_YES,0.82,88%,
2026-02-01 15:18,189169,Pallacanestro Trieste vs. Universo Treviso Basket,YES,0.75,99%,Multiple reliable sources confirm matchup validity and result
2026-02-01 15:18,188662,Rainbow Six Siege: Daystar vs Elevate (BO3) - Six Invitational Group B,BUY_NO,0.75,100%,
2026-02-01 15:18,188681,Rainbow Six Siege: Ninjas in Pyjamas vs M80 (BO3) - Six Invitational Group A,BUY_NO,0.74,90%,
2026-02-01 15:19,193658,SHL: Timraa vs. Linkoeping,BUY_YES,0.555,99%,Enough information is present to make a confident prediction.
2026-02-01 15:19,188311,FC Cincinnati vs. Atlanta United FC,BUY_YES,0.52,100%,Both URLs are provided. The news articles support the market.
2026-02-01 15:54,106222,TX-32 House Election Winner,BUY_YES,0.315,85%,Christian Menefee is the declared winner of the TX-32 House Election.
2026-02-01 15:55,166490,Olympique Lyonnais vs. Stade Lavallois Mayenne FC,BUY_YES,0.785,100%,
2026-02-01 15:55,191640,TX-07 House Election Winner,PASS,0.805,95%,
2026-02-01 15:55,189169,Pallacanestro Trieste vs. Universo Treviso Basket,BUY_YES,0.75,85%,Multiple news sources with scores available
2026-02-01 15:56,190075,LoL: SK Gaming vs GIANTX (BO1) - LEC Versus Regular Season,BUY_YES,0.51,100%,JSON data appears valid
2026-02-01 15:56,194785,Pisa SC vs. AC Milan,BUY_YES,0.315,100%,Valid data
2026-02-01 15:56,190098,Villarreal CF vs. RCD Espanyol de Barcelona - More Markets,BUY_YES,0.61,100%,
2026-02-01 16:14,191701,Will GRVT launch a token by ___?,BUY_YES,0.505,99%,"No specific launch date is mentioned, but market and news indicate GRVT is already live."
2026-02-01 16:14,194170,BV Borussia 09 Dortmund vs. 1. FSV Mainz 05,BUY_YES,0.725,100%,Match data available
2026-02-01 16:14,191647,TX-16 House Election Winner,BUY_NO,0.57,96%,Christian Menefee
2026-02-01 16:15,187053,AFC Bournemouth vs. Aston Villa FC - More Markets,BUY_YES,0.82,100%,
2026-02-01 16:15,190337,Dota 2: GamerLegion vs OG (BO1) - BLAST Slam Group Stage,BUY_NO,0.725,99%,At least two sources available.
2026-02-01 16:16,194220,International T20 Series: Italy vs UAE (Game 1) - Most Sixes,BUY_YES,0.485,100%,
2026-02-01 17:01,190502,Film Independent Spirit Awards: Best Breakthrough Performance Winner (TV),BUY_YES,0.415,99%,
2026-02-01 17:01,191701,Will GRVT launch a token by ___?,BUY_YES,0.53,88%,"News about token launch, odds, and target date for Q1 2026"
2026-02-01 17:01,191632,TN-08 House Election Winner,BUY_NO,0.46,99.91%,Republican David Kustoff wins the Eighth District in Tennessee.
2026-02-01 17:01,189818,Film Independent Spirit Awards: Best Editing Winner,BUY_NO,0.57,99%,
2026-02-01 17:24,106222,TX-32 House Election Winner,BUY_YES,0.315,98%,"According to all provided news sources, the winner of the TX-32 House Election is a Democrat"
2026-02-01 17:25,191701,Will GRVT launch a token by ___?,BUY_YES,0.535,99%,Available information suggests GRVT may launch a token within the given timeframe based on Polymarket odds.
2026-02-01 17:25,191632,TN-08 House Election Winner,BUY_YES,0.535,99%,Matt Van Epps won in House District 8 election in Tennessee 2024
2026-02-01 17:25,187053,AFC Bournemouth vs. Aston Villa FC - More Markets,BUY_YES,0.82,100%,No conflicting news information found
2026-02-01 17:25,166490,Olympique Lyonnais vs. Stade Lavallois Mayenne FC,BUY_YES,0.79,100%,Success
2026-02-01 17:25,189169,Pallacanestro Trieste vs. Universo Treviso Basket,BUY_YES,0.74,99%,News available for market: Pallacanestro Trieste vs. Universo Treviso Basket
2026-02-01 17:56,191632,TN-08 House Election Winner,BUY_YES,0.515,99%,Republican Matt Van Epps has been elected as the winner of the TN-08 House Election.
2026-02-01 17:56,193689,Oilers vs. Kings,BUY_YES,0.615,85%,
2026-02-01 17:56,191701,Will GRVT launch a token by ___?,BUY_YES,0.535,99%,
2026-02-01 17:57,106186,PA-01 House Election Winner,BUY_NO,0.63,100%,Fitzpatrick is still the winner of the PA-01 House election.
2026-02-01 17:57,189780,Film Independent Spirit Awards: Best First Screenplay Winner,BUY_YES,0.385,85%,"Sean Wang's ""Dìdi"" won the Best First Screenplay at the 2025 Independent Spirit Awards."
2026-02-01 17:58,193188,Argentino vs. Olimpico,BUY_YES,0.31,99%,
2026-02-01 18:17,106222,TX-32 House Election Winner,BUY_NO,0.685,98%,Christian Menefee is the winner of the TX-32 House Election
2026-02-01 18:17,189818,Film Independent Spirit Awards: Best Editing Winner,BUY_YES,0.445,85%,Hansjörg Weissbrich wins Best Editing at the 2025 Film Independent Spirit Awards
2026-02-01 18:17,191647,TX-16 House Election Winner,BUY_NO,0.555,99%,'Christian Menefee' is mentioned in all news articles.
2026-02-01 18:18,190337,Dota 2: GamerLegion vs OG (BO1) - BLAST Slam Group Stage,BUY_NO,0.7,96%,All sources have a score greater than 0.999
2026-02-01 19:05,191701,Will GRVT launch a token by ___?,BUY_YES,0.53,99%,Launch not ruled out based on news articles.
2026-02-01 19:05,191398,DE-AL House Election Winner,BUY_YES,0.785,99%,Sarah McBride is the winner of the 2024 Delaware House Election.
2026-02-01 19:05,166490,Olympique Lyonnais vs. Stade Lavallois Mayenne FC,BUY_YES,0.79,100%,
2026-02-01 19:06,193658,SHL: Timraa vs. Linkoeping,BUY_YES,0.555,90%,Enough information is available to make an informed prediction.
2026-02-01 19:06,194224,International T20 Series: Afghanistan vs West Indies (Game 1) - Most Sixes,BUY_NO,0.525,100%,Not applicable
2026-02-01 19:52,191690,WV-02 House Election Winner,BUY_NO,0.845,100%,Riley Moore is the winner in WV-02 House Election
2026-02-01 19:53,191632,TN-08 House Election Winner,BUY_YES,0.52,99%,Republican Matt Van Epps wins US House special election in Tennessee's 8th congressional district
2026-02-01 19:53,188415,Los Angeles FC vs. Inter Miami CF - More Markets,BUY_YES,0.85,100%,News available for the match
2026-02-01 19:53,188662,Rainbow Six Siege: Daystar vs Elevate (BO3) - Six Invitational Group B,BUY_YES,0.35,100%,
2026-02-01 19:54,193188,Argentino vs. Olimpico,BUY_NO,0.69,88%,valid input
2026-02-01 19:54,194693,Mubadala Abu Dhabi Open: Dayana Yastremska vs Beatriz Haddad Maia,BUY_NO,0.57,85%,The tennis match between Dayana Yastremska and Beatriz Haddad Maia will be a hard-hitting baseline battle.
2026-02-01 20:02,106222,TX-32 House Election Winner,BUY_YES,0.275,85%,Democrat Menefee wins Texas special election for US House seat and has flipped the Republican seat.
2026-02-01 20:02,191632,TN-08 House Election Winner,BUY_YES,0.52,99%,David Kustoff won Tennessee's 8th Congressional District in 2024 election
2026-02-01 20:02,153918,Al Nassr Saudi Club vs. Al Ittihad Saudi Club,BUY_YES,0.54,84%,
2026-02-01 20:03,195432,Valorant: Polar Squad Esports GC vs Looking For Laburo (BO3) - VCT Game Changers Latin America South- Kickoff Playoffs,BUY_YES,0.515,99%,Match data available
2026-02-01 20:03,187133,UD Las Palmas vs. Burgos CF,NO,0.48,99%,
2026-02-01 20:03,190098,Villarreal CF vs. RCD Espanyol de Barcelona - More Markets,YES,0.61,100%,The API response from the news endpoint appears to be valid.
2026-02-01 20:03,194220,International T20 Series: Italy vs UAE (Game 1) - Most Sixes,BUY_YES,0.485,98%,Article available for International T20 matches
2026-02-01 20:57,106216,PA-10 House Election Winner,BUY_YES,0.375,100%,Scott Perry defeats Janelle Stelson and wins reelection in PA-10 based on news article.
2026-02-01 20:57,188415,Los Angeles FC vs. Inter Miami CF - More Markets,BUY_YES,0.85,100%,
2026-02-01 20:57,188662,Rainbow Six Siege: Daystar vs Elevate (BO3) - Six Invitational Group B,"BUY_YES"" if 0.295 > 0.5 else ""BUY_NO",0.295,99%,match_score_exists
2026-02-01 20:58,195432,Valorant: Polar Squad Esports GC vs Looking For Laburo (BO3) - VCT Game Changers Latin America South- Kickoff Playoffs,BUY_YES,0.505,88%,Match preview exists on multiple sources.
2026-02-01 20:58,188311,FC Cincinnati vs. Atlanta United FC,BUY_YES,0.52,100%,Match is found between FC Cincinnati and Atlanta United FC starting on 21 Feb 2026.
2026-02-01 21:13,189818,Film Independent Spirit Awards: Best Editing Winner,BUY_YES,0.425,99%,The winner of the 2025 Film Independent Spirit Awards - Best Editing is Hansjörg Weissbrich.
2026-02-01 21:14,188662,Rainbow Six Siege: Daystar vs Elevate (BO3) - Six Invitational Group B,BUY_YES,0.295,100%,Data looks normal. Extracting score information
2026-02-01 21:14,193658,SHL: Timraa vs. Linkoeping,BUY_YES,0.55,100%,News available for market: SHL: Timraa vs. Linkoeping
2026-02-01 21:14,188311,FC Cincinnati vs. Atlanta United FC,BUY_YES,0.52,99%,Valid news articles found for the match between FC Cincinnati and Atlanta United FC.
2026-02-01 21:15,194222,International T20 Series: Afghanistan vs West Indies (Game 1),BUY_YES,0.57,90%,
2026-02-01 21:56,195465,Mavericks vs. Spurs,BUY_YES,0.265,100%,Valid market and news provided
2026-02-01 21:56,190337,Dota 2: GamerLegion vs OG (BO1) - BLAST Slam Group Stage,BUY_YES,0.29,99%,"Enough news sources have predicted the game, so the predicted outcome is reliable"
2026-02-01 21:57,188681,Rainbow Six Siege: Ninjas in Pyjamas vs M80 (BO3) - Six Invitational Group A,BUY_NO,0.69,98%,
2026-02-01 21:57,193187,Platense vs. Obras,BUY_YES,0.425,100%,
2026-02-01 22:01,106222,TX-32 House Election Winner,BUY_NO,0.695,96%,The winner of the TX-32 House election can be deduced as Democrat Christian Menefee based on the provided news sources.
2026-02-01 22:01,106216,PA-10 House Election Winner,BUY_NO,0.62,99%,Scott Perry wins reelection in PA-10
2026-02-01 22:01,193689,Oilers vs. Kings,BUY.YES,0.615,100%,Valid news feed for the Oilers vs. Kings game
2026-02-01 22:02,191701,Will GRVT launch a token by ___?,BUY_YES,0.53,85%,"No specific launch date was found, however token launch is expected"
2026-02-01 22:02,153918,Al Nassr Saudi Club vs. Al Ittihad Saudi Club,BUY_YES,0.58,90%,Last 9 matches between teams have resulted in 0 draws.
2026-02-01 22:02,190337,Dota 2: GamerLegion vs OG (BO1) - BLAST Slam Group Stage,BUY_NO,0.71,99%,sufficient sources
2026-02-01 22:02,188662,Rainbow Six Siege: Daystar vs Elevate (BO3) - Six Invitational Group B,BUY_NO,0.705,100%,Multiple reliable news sources found.
2026-02-01 22:02,188681,Rainbow Six Siege: Ninjas in Pyjamas vs M80 (BO3) - Six Invitational Group A,BUY_YES,0.295,99.99%,
2026-02-01 22:02,195432,Valorant: Polar Squad Esports GC vs Looking For Laburo (BO3) - VCT Game Changers Latin America South- Kickoff Playoffs,BUY_YES,0.52,95%,
2026-02-01 22:58,195381,Honor of Kings: Mighty Tiger Gaming vs XQG Esports Club (BO5) - KPL Growth League Group Stage,BUY_YES,0.51,85%,Valid information found
2026-02-01 22:58,191640,TX-07 House Election Winner,BUY_YES,0.445,96%,Christian Menefee won the TX-07 House Election
2026-02-01 22:58,189227,Sport Lisboa e Benfica vs. FC Alverca - More Markets,BUY_YES,0.805,100%,no errors in input data
2026-02-01 22:58,188681,Rainbow Six Siege: Ninjas in Pyjamas vs M80 (BO3) - Six Invitational Group A,BUY_YES,0.31,99%,
2026-02-01 22:59,193187,Platense vs. Obras,BUY_NO,0.565,100%,Multiple news sources found.
2026-02-01 22:59,194783,Bayer 04 Leverkusen vs. FC St. Pauli 1910,BUY_YES,0.66,100%,All news items found.
2026-02-01 23:17,106222,TX-32 House Election Winner,BUY_NO,0.68,95%,"Based on provided news sources from CNN and YouTube, Democrat Christian Menefee appears to be the winner of the TX-32 House Election."
2026-02-01 23:17,106216,PA-10 House Election Winner,BUY_YES,0.53,99%,Scott Perry was reported as the winner in multiple news sources.
2026-02-01 23:17,191647,TX-16 House Election Winner,BUY_YES,0.49,97%,Christian Menefee has won the TX-16 House election.
2026-02-01 23:18,188662,Rainbow Six Siege: Daystar vs Elevate (BO3) - Six Invitational Group B,BUY_NO,0.685,999%,
2026-02-01 23:18,195461,Rockets vs. Thunder,BUY_YES,0.325,87%,
2026-02-01 23:18,188681,Rainbow Six Siege: Ninjas in Pyjamas vs M80 (BO3) - Six Invitational Group A,BUY_NO,0.69,99.9982%,"Valid match info, recent form data and prediction available."
2026-02-01 23:18,193187,Platense vs. Obras,BUY_NO,0.575,90%,
2026-02-01 23:18,187133,UD Las Palmas vs. Burgos CF,BUY_NO,0.48,100%,Multiple reliable news sources found
2026-02-01 23:18,188311,FC Cincinnati vs. Atlanta United FC,BUY_NO,0.48,100%,Match is scheduled to happen on 21st February 2026 at 9:45 PM UTC
2026-02-01 23:56,193689,Oilers vs. Kings,BUY_YES,0.595,90%,Market and news provided.
2026-02-01 23:56,194198,International T20 Series: Ireland vs Pakistan (Game 1),BUY_NO,0.775,100%,Market: International T20 Series: Ireland vs Pakistan (Game 1) - News is available
2026-02-01 23:56,190337,Dota 2: GamerLegion vs OG (BO1) - BLAST Slam Group Stage,'YES',0.29,100%,Successful score extraction
2026-02-01 23:57,193658,SHL: Timraa vs. Linkoeping,BUY_YES,0.555,100%,no reasons provided
2026-02-01 23:57,156543,Norwich City FC vs. Blackburn Rovers FC,BUY_YES,0.46,99%,Match data is available.
2026-02-02 00:58,191654,TX-24 House Election Winner,BUY_NO,0.57,95%,Democratic candidate Christian Menefee has won the TX-24 House election.
2026-02-02 00:58,188415,Los Angeles FC vs. Inter Miami CF - More Markets,BUY_YES,0.85,83%,
2026-02-02 00:58,189227,Sport Lisboa e Benfica vs. FC Alverca - More Markets,BUY_NO,0.195,100%,
2026-02-02 03:36,193689,Oilers vs. Kings,DECIDE,0.385,85%,
2026-02-02 03:37,189818,Film Independent Spirit Awards: Best Editing Winner,BUY_YES,0.45,100%,"No specific year information, but it is the 2025 Film Independent Spirit Awards, therefore the winner is Hansjörg Weissbrich."
2026-02-02 03:37,191611,PA-13 House Election Winner,BUY_YES,0.49,99%,John Joyce wins the 13th District in Pennsylvania
2026-02-02 03:37,153918,Al Nassr Saudi Club vs. Al Ittihad Saudi Club,BUY_YES,0.59,98%,sufficient_data
2026-02-02 03:37,195877,Transylvania Open: Xinyu Wang vs Kaitlin Quevedo,BUY_YES,0.74,100%,Sufficient data available
2026-02-02 03:38,188311,FC Cincinnati vs. Atlanta United FC,BUY_YES,0.52,100%,
2026-02-02 03:38,190098,Villarreal CF vs. RCD Espanyol de Barcelona - More Markets,BUY_YES,0.68,100%,News data available
2026-02-02 03:38,194783,Bayer 04 Leverkusen vs. FC St. Pauli 1910,BUY_YES,0.665,95%,News available
2026-02-02 05:15,106222,TX-32 House Election Winner,BUY_NO,0.725,99%,"Julie Johnson, a Democrat, wins the 32nd District in Texas"
2026-02-02 05:15,187200,Super Rugby Pacific: Western Force vs Blues,BUY_YES,0.485,100%,No issue
2026-02-02 05:16,191632,TN-08 House Election Winner,BUY_YES,0.51,99%,"Based on available news sources, David Kustoff is predicted to win the TN-08 House Election."
2026-02-02 05:16,189227,Sport Lisboa e Benfica vs. FC Alverca - More Markets,BUY_YES,0.795,99%,Valid input
2026-02-02 05:16,188681,Rainbow Six Siege: Ninjas in Pyjamas vs M80 (BO3) - Six Invitational Group A,BUY_YES,0.215,94%,
2026-02-02 05:17,196096,Ostrava Open: Tamara Korpatsch vs Anna Siskova,BUY_YES,0.59,99%,Sufficient information available to make prediction
2026-02-02 06:43,187200,Super Rugby Pacific: Western Force vs Blues,BUY_YES,0.485,100%,News available for Western Force vs Blues in Super Rugby Pacific
2026-02-02 06:43,189227,Sport Lisboa e Benfica vs. FC Alverca - More Markets,BUY_YES,0.795,100%,Market data provided
2026-02-02 06:44,194783,Bayer 04 Leverkusen vs. FC St. Pauli 1910,BUY_YES,0.67,100%,Enough news sources available for predictions
2026-02-02 07:38,153918,Al Nassr Saudi Club vs. Al Ittihad Saudi Club,BUY_YES,0.59,90%,Match data available for Al Nassr Saudi Club vs. Al Ittihad Saudi Club.
2026-02-02 07:38,189227,Sport Lisboa e Benfica vs. FC Alverca - More Markets,BUY_YES,0.785,100%,More than one news source provided
2026-02-02 07:39,188681,Rainbow Six Siege: Ninjas in Pyjamas vs M80 (BO3) - Six Invitational Group A,BUY_NO,0.795,999%,valid news with score more than 0.999
2026-02-02 08:06,191654,TX-24 House Election Winner,BUY_NO,0.57,99%,Incumbent Beth Van Duyne won the election.
2026-02-02 08:06,188415,Los Angeles FC vs. Inter Miami CF - More Markets,BUY_YES,0.85,85%,Sufficient data available to determine result
2026-02-02 08:06,195461,Rockets vs. Thunder,BUY_MAYBE,0.675,90%,Article appears to be news related to the Rockets vs Thunder match.
2026-02-02 08:07,190098,Villarreal CF vs. RCD Espanyol de Barcelona - More Markets,BUY_YES,0.77,85%,All parameters are present in the JSON object.
2026-02-02 09:29,191632,TN-08 House Election Winner,BUY_YES,0.51,99%,Unanimous news sources declare Republican David Kustoff as the winner of the TN-08 House election.
2026-02-02 09:30,195877,Transylvania Open: Xinyu Wang vs Kaitlin Quevedo,BUY_YES,0.74,99%,
2026-02-02 09:30,188681,Rainbow Six Siege: Ninjas in Pyjamas vs M80 (BO3) - Six Invitational Group A,BUY_NO,0.72,99%,match found
2026-02-02 09:30,195900,Valorant: Paper Rex vs T1 (BO3) - VCT Pacific Kickoff Playoffs,BUY_YES,0.54,86%,
2026-02-02 09:31,190098,Villarreal CF vs. RCD Espanyol de Barcelona - More Markets,BUY_YES,0.77,90%,
2026-02-02 09:31,156543,Norwich City FC vs. Blackburn Rovers FC,BUY_NO,0.54,100%,No errors in data
2026-02-02 10:28,106222,TX-32 House Election Winner,BUY_YES,0.27,86%,
2026-02-02 10:28,191654,TX-24 House Election Winner,BUY_NO,0.57,98%,
2026-02-02 10:29,189227,Sport Lisboa e Benfica vs. FC Alverca - More Markets,BUY_YES,0.785,80.331%,
2026-02-02 10:29,193658,SHL: Timraa vs. Linkoeping,BUY_YES,0.555,83%,
2026-02-02 10:30,190098,Villarreal CF vs. RCD Espanyol de Barcelona - More Markets,BUY_YES,0.77,100%,
2026-02-02 11:24,189780,Film Independent Spirit Awards: Best First Screenplay Winner,BUY_YES,0.26,82%,Sean Wang's 'Dìdi' wins Best First Screenplay at the 2025 Independent Spirit Awards.
2026-02-02 11:24,189818,Film Independent Spirit Awards: Best Editing Winner,BUY_YES,0.41,81%,Hansjörg Weissbrich wins Best Editing at the 2025 Film Independent Spirit Awards.
2026-02-02 11:25,194198,International T20 Series: Ireland vs Pakistan (Game 1),BUY_YES,0.225,100%,Success
2026-02-02 11:25,188415,Los Angeles FC vs. Inter Miami CF - More Markets,BUY_YES,0.85,100%,
2026-02-02 11:25,190098,Villarreal CF vs. RCD Espanyol de Barcelona - More Markets,BUY_YES,0.77,100%,
2026-02-02 12:01,106186,PA-01 House Election Winner,BUY_YES,0.3,99%,Brian Fitzpatrick wins PA-01 election
2026-02-02 12:01,189227,Sport Lisboa e Benfica vs. FC Alverca - More Markets,CONFIRM_YES,0.79,100%,
2026-02-02 12:01,188681,Rainbow Six Siege: Ninjas in Pyjamas vs M80 (BO3) - Six Invitational Group A,BUY_YES,0.295,99%,"All sources indicate NiP winning M80, score difference is minimal and likely within margin of error."
2026-02-02 13:01,106186,PA-01 House Election Winner,BUY_NO,0.69,85%,Brian Fitzpatrick has won against Ashley Ehasz in the 2024 PA-01 House Election.
2026-02-02 13:01,188415,Los Angeles FC vs. Inter Miami CF - More Markets,BUY_YES,0.85,100%,
2026-02-02 13:01,195468,Jazz vs. Magic,BUY_YES,0.265,100%,Jazz vs. Magic market exists
2026-02-02 13:01,190337,Dota 2: GamerLegion vs OG (BO1) - BLAST Slam Group Stage,BUY.YES,0.24,100%,Enough reliable sources available
2026-02-02 13:02,195461,Rockets vs. Thunder,BUY_YES,0.315,90%,"News sources available for the game, but confidence is very high because of similar scores and headlines."
2026-02-02 13:02,190098,Villarreal CF vs. RCD Espanyol de Barcelona - More Markets,BUY_YES,0.77,90%,
2026-02-02 13:02,156543,Norwich City FC vs. Blackburn Rovers FC,BUY_YES,0.46,100%,Data looks normal
2026-02-02 13:02,160177,CA Vélez Sarsfield vs. CA Boca Juniors,BUY_NOT,0.685,95%,Match is scheduled and information is available
2026-02-02 14:03,189227,Sport Lisboa e Benfica vs. FC Alverca - More Markets,BUY_YES,0.79,100%,No errors in input data
2026-02-02 14:04,195900,Valorant: Paper Rex vs T1 (BO3) - VCT Pacific Kickoff Playoffs,BUY_YES,0.54,99%,
2026-02-02 15:25,194198,International T20 Series: Ireland vs Pakistan (Game 1),BUY_NO,0.795,95%,
2026-02-02 15:25,191632,TN-08 House Election Winner,BUY_YES,0.54,99%,Republican Matt Van Epps Wins US House Election in Tennessee
2026-02-02 15:25,193689,Oilers vs. Kings,BUY_YES,0.555,83%,
2026-02-02 15:25,189227,Sport Lisboa e Benfica vs. FC Alverca - More Markets,BUY_YES,0.79,80.331%,news available for market 'Sport Lisboa e Benfica vs. FC Alverca - More Markets'
2026-02-02 15:25,195468,Jazz vs. Magic,BUY_YES,0.265,99%,
2026-02-02 15:25,190337,Dota 2: GamerLegion vs OG (BO1) - BLAST Slam Group Stage,BUY_YES,0.28,99%,
2026-02-02 15:26,189255,CA Huracán vs. CA San Lorenzo de Almagro - More Markets,BUY_NO,0.515,100%,Successful extraction of provided news
2026-02-02 16:04,191632,TN-08 House Election Winner,BUY_YES,0.53,100%,'Republican Matt Van Epps won a special election in Tennessee in a closely watched race. The first-time GOP candidate only won by single
2026-02-02 16:04,191654,TX-24 House Election Winner,BUY_NO,0.63,95%,Christian Menefee won the Texas special election for the US House of Representatives as a Democrat.
2026-02-02 16:05,189818,Film Independent Spirit Awards: Best Editing Winner,BUY_NO,0.59,90%,2025 Film Independent Spirit Awards: Best Editing Winner is Hansjörg Weissbrich
2026-02-02 16:05,106183,OH-09 House Election Winner,SELL_NO,0.5,90%,Winner is Marcy Kaptur
2026-02-02 16:05,195900,Valorant: Paper Rex vs T1 (BO3) - VCT Pacific Kickoff Playoffs,BUY_NO,0.46,85%,
2026-02-02 16:06,187059,Burnley FC vs. West Ham United FC - More Markets,BUY_YES,0.75,99%,Invalid input
2026-02-02 17:23,106222,TX-32 House Election Winner,buy_yes,0.235,99%,"The winner of the TX-32 House election is Christian Menefee, a Democrat."
2026-02-02 17:23,189780,Film Independent Spirit Awards: Best First Screenplay Winner,BUY_YES,0.27,100%,Sean Wang's 'Dìdi' won the 2025 Film Independent Spirit Awards Best First Screenplay.
2026-02-02 17:23,106186,PA-01 House Election Winner,BUY_YES,0.31,99%,Fitzpatrick wins PA-01 House Election
2026-02-02 17:24,191640,TX-07 House Election Winner,BUY_YES,0.145,95%,"Christian Menefee wins Texas U.S. House seat, narrowing Republicans' majority."
2026-02-02 17:25,187332,Atlas FC vs. Pumas de la UNAM - More Markets,BUY_YES,0.725,83%,
2026-02-02 18:08,193658,SHL: Timraa vs. Linkoeping,BUY_YES,0.6,100%,News available for match
2026-02-02 18:09,190688,AK-AL House Election Winner,BUY_YES,0.685,99%,Nick Begich (R) has been confirmed as the winner for AK-AL House Election Winner by at least one credible source.
2026-02-02 23:08,106222,TX-32 House Election Winner,BUY_NO,0.725,100%,Julie Johnson is the TX-32 House Election winner based on the provided news sources.
2026-02-02 23:08,106216,PA-10 House Election Winner,BUY_YES,0.42,99%,Scott Perry wins reelection in PA-10
2026-02-02 23:09,191647,TX-16 House Election Winner,BUY_NO,0.67,99%,"Veronica Escobar, a Democrat, wins the 16th District in Texas. Race called by The Associated Press."
2026-02-02 23:09,188415,Los Angeles FC vs. Inter Miami CF - More Markets,BUY_YES,0.85,95%,
2026-02-02 23:09,190337,Dota 2: GamerLegion vs OG (BO1) - BLAST Slam Group Stage,BUY_YES,0.325,99%,
2026-02-02 23:09,188679,Rainbow Six Siege: Weibo Gaming vs FearX (BO3) - Six Invitational Group A,BUY_YES,0.695,85%,
2026-02-02 23:09,196491,Mubadala Abu Dhabi Open: Belinda Bencic vs Sonay Kartal,BUY_YES,0.67,99.96458%,
2026-02-02 23:09,190697,"UFC Fight Night: Mario Bautista vs. Vinicius Oliveira (Bantamweight, Main Card)",BUY_YES,0.51,90%,No errors detected
2026-02-02 23:10,195900,Valorant: Paper Rex vs T1 (BO3) - VCT Pacific Kickoff Playoffs,BUY_YES,0.545,99%,sufficient_match_data_available
2026-02-02 23:10,188308,St. Louis City SC vs. Charlotte FC,BUY_YES,0.455,100%,Insufficient data found
2026-02-02 23:10,187332,Atlas FC vs. Pumas de la UNAM - More Markets,BUY_YES,0.72,88%,News feeds for Atlas FC vs Pumas de la UNAM available.
2026-02-02 23:26,106222,TX-32 House Election Winner,BUY_YES,0.32,100%,Julie Johnson wins the TX-32 House Election
2026-02-02 23:26,187200,Super Rugby Pacific: Western Force vs Blues,BUY_YES,0.49,100%,Score: 0.9999795
2026-02-02 23:26,189780,Film Independent Spirit Awards: Best First Screenplay Winner,BUY_NO,0.71,99.90746%,"Sean Wang's ""Dìdi"" won both best first feature as well as best first screenplay."
2026-02-02 23:27,194801,WNCL: New South Wales Breakers vs Queensland Fire,BUY_NO,0.615,99%,The New South Wales Breakers won against the Queensland Fire in WNCL 2023-24
2026-02-02 23:27,190697,"UFC Fight Night: Mario Bautista vs. Vinicius Oliveira (Bantamweight, Main Card)",BUY_YES,0.51,99%,
2026-02-02 23:58,191632,TN-08 House Election Winner,BUY_YES,0.56,98%,Republican Matt Van Epps wins the TN-08 House Election.
2026-02-02 23:58,106186,PA-01 House Election Winner,BUY_YES,0.31,100%,Brian Fitzpatrick won the 2024 and 2022 elections in PA-01
2026-02-02 23:59,193689,Oilers vs. Kings,WAIT,0.445,100%,No conflicts detected
2026-02-02 23:59,195214,LoL: French Flair vs TLN Pirates (BO1) - LFL Invitational Souper Group,BUY_NO,0.345,100%,
2026-02-02 23:59,190337,Dota 2: GamerLegion vs OG (BO1) - BLAST Slam Group Stage,BUY_YES,0.325,100%,News and market data available for the game.
2026-02-02 23:59,196654,Heat vs. Wizards,BUY_YES,0.735,85%,
2026-02-02 23:59,196491,Mubadala Abu Dhabi Open: Belinda Bencic vs Sonay Kartal,BUY_YES,0.675,100%,sufficient_data
2026-02-03 00:00,190697,"UFC Fight Night: Mario Bautista vs. Vinicius Oliveira (Bantamweight, Main Card)",BUY_YES,0.51,90%,Data available for fight
2026-02-03 00:00,191314,Canisius Golden Griffins vs. Niagara Purple Eagles,BUY_NO,0.605,100%,
2026-02-03 00:00,187332,Atlas FC vs. Pumas de la UNAM - More Markets,BUY_YES,0.72,97%,
2026-02-03 01:24,106222,TX-32 House Election Winner,BUY_NO,0.76,99%,"Based on available news sources, Julie Johnson is the likely winner of the TX-32 House Election."
2026-02-03 01:24,189818,Film Independent Spirit Awards: Best Editing Winner,BUY_YES,0.43,99%,The 2025 Film Independent Spirit Awards - Best Editing Winner is Hansjörg Weissbrich
2026-02-03 01:25,191611,PA-13 House Election Winner,BUY_YES,0.84,88%,"John Joyce, a Republican, wins"
2026-02-03 01:25,193658,SHL: Timraa vs. Linkoeping,BUY_YES,0.615,100%,
2026-02-03 04:01,106174,NC-01 House Election Winner,BUY_YES,0.5,84%,Don Davis (D) is declared the winner in the NC-01 House election
2026-02-03 04:02,188415,Los Angeles FC vs. Inter Miami CF - More Markets,BUY_YES,0.85,99%,sufficient_content
2026-02-03 04:02,192708,KHL: Sibir Novosibirsk vs. Neftekhimik Nizhnekamsk,BUY_YES,0.53,100%,
2026-02-03 04:03,187199,United Rugby Championship: Lions vs Sharks,BUY_YES,0.51,99%,
2026-02-03 05:39,190502,Film Independent Spirit Awards: Best Breakthrough Performance Winner (TV),BUY_NO,0.76,85%,Jessica Gunning has been predicted to win the Film Independent Spirit Awards: Best Breakthrough Performance (TV)
2026-02-03 05:39,193689,Oilers vs. Kings,BUY_YES,0.555,100%,News found
2026-03-01 04:09,213132,Racing Club vs. AA Estudiantes,BUY_NO,0.495,90%,Available game statistics
2026-03-01 04:09,234571,Counter-Strike: 9z vs Fake do Biru (BO3) - Circuit X Pantanal Cuiabá Group B,p_YES,0.65,95%,News available
2026-03-01 04:09,210586,PSV vs. NEC,BUY_YES,0.73,100%,Market and news data available for PSV vs. NEC
2026-03-01 05:40,234587,Counter-Strike: Marsborne vs Galorys (BO3) - Circuit X Pantanal Cuiabá Group D,BUY_YES,0.53,90%,Market: Marsborne and Galorys are the only teams mentioned
2026-03-01 05:41,210586,PSV vs. NEC,BUY_YES,0.725,100%,
2026-03-01 05:41,199469,Golden Knights vs. Red Wings,BUY_YES,0.36,100%,News available for market: Golden Knights vs. Red Wings
